RM_VARIANT,FB_LAMBDA,FB_TERMS,SEED_WEIGHT_TEMP,MIN_SEED_DF,RM_BASE,COHERENCE_POWER,ql_ndcg,clean,uniform@0.25,uniform@0.5,uniform@0.75,adjacent@0.25,outside@0.25,adjacent@0.5,outside@0.5,adjacent@0.75,outside@0.75,noisy_mean,retention,max_call_s
rm3,0.3,30,1.0,1,rm1,0,0.3693,0.4158,0.4105,0.3953,0.3539,0.4104,0.4137,0.4085,0.4022,0.3627,0.3497,0.3897,0.9371,0.0066
rm3,0.3,30,1.0,1,rm1,1,0.3693,0.4223,0.4131,0.3952,0.3533,0.4152,0.4173,0.4113,0.4044,0.3652,0.3485,0.3915,0.9272,0.0079
rm3,0.3,30,1.0,1,rm1,2,0.3693,0.4192,0.4137,0.3962,0.3518,0.4164,0.4184,0.4123,0.4028,0.3609,0.3476,0.3911,0.933,0.0053
rm3,0.3,30,1.0,1,rm1,4,0.3693,0.4214,0.4123,0.393,0.3501,0.4133,0.4193,0.4107,0.396,0.3578,0.3419,0.3883,0.9213,0.0046
rm3,0.3,30,1.0,2,rm1,0,0.3693,0.4161,0.4072,0.3959,0.3512,0.4139,0.4091,0.4101,0.3953,0.3617,0.3425,0.3874,0.9311,0.0087
rm3,0.3,30,1.0,2,rm1,1,0.3693,0.4196,0.4094,0.3954,0.3502,0.415,0.4111,0.4125,0.3956,0.3652,0.3403,0.3883,0.9254,0.0043
rm3,0.3,30,1.0,2,rm1,2,0.3693,0.4213,0.409,0.3943,0.3495,0.4164,0.4137,0.4102,0.396,0.3626,0.3415,0.3881,0.9212,0.0077
rm3,0.3,30,1.0,2,rm1,4,0.3693,0.42,0.4094,0.3906,0.3445,0.4149,0.4154,0.4098,0.3919,0.3586,0.3376,0.3858,0.9187,0.0061
rm3,0.3,60,1.0,1,rm1,0,0.3693,0.4169,0.4147,0.3954,0.3562,0.411,0.4191,0.4088,0.4004,0.3667,0.3583,0.3923,0.9409,0.0057
rm3,0.3,60,1.0,1,rm1,1,0.3693,0.4235,0.4166,0.3955,0.357,0.4125,0.4198,0.4132,0.4026,0.3667,0.36,0.3938,0.9297,0.0092
rm3,0.3,60,1.0,1,rm1,2,0.3693,0.4223,0.4155,0.3963,0.3569,0.4171,0.4207,0.4153,0.4036,0.3657,0.3564,0.3942,0.9333,0.0065
rm3,0.3,60,1.0,1,rm1,4,0.3693,0.4259,0.4155,0.3952,0.3554,0.4195,0.4227,0.4123,0.4005,0.3638,0.3511,0.3929,0.9225,0.0067
rm3,0.3,60,1.0,2,rm1,0,0.3693,0.4124,0.4081,0.3967,0.3515,0.4108,0.4106,0.4092,0.3971,0.3629,0.3471,0.3882,0.9414,0.0053
rm3,0.3,60,1.0,2,rm1,1,0.3693,0.4184,0.4096,0.3963,0.3524,0.4151,0.4145,0.4124,0.3993,0.3662,0.3461,0.3902,0.9327,0.0094
rm3,0.3,60,1.0,2,rm1,2,0.3693,0.419,0.4094,0.3942,0.3518,0.4183,0.4139,0.4107,0.3984,0.3652,0.3448,0.3896,0.9299,0.0081
rm3,0.3,60,1.0,2,rm1,4,0.3693,0.4211,0.4104,0.3937,0.3499,0.418,0.4182,0.4071,0.3935,0.3612,0.3409,0.3881,0.9217,0.0067
rm3,0.5,30,1.0,1,rm1,0,0.3693,0.4094,0.4085,0.3984,0.3709,0.4084,0.4098,0.4088,0.4015,0.3802,0.371,0.3953,0.9654,0.0037
rm3,0.5,30,1.0,1,rm1,1,0.3693,0.4144,0.409,0.3994,0.3692,0.4101,0.4127,0.4115,0.4044,0.3797,0.3713,0.3964,0.9565,0.01
rm3,0.5,30,1.0,1,rm1,2,0.3693,0.4168,0.4085,0.3996,0.3715,0.4121,0.4135,0.4142,0.4031,0.3789,0.3696,0.3968,0.9519,0.0084
rm3,0.5,30,1.0,1,rm1,4,0.3693,0.4176,0.4088,0.3989,0.3705,0.4117,0.4136,0.416,0.4003,0.3749,0.3631,0.3953,0.9466,0.0048
rm3,0.5,30,1.0,2,rm1,0,0.3693,0.4114,0.406,0.3996,0.3696,0.4105,0.4086,0.408,0.401,0.3794,0.3621,0.3939,0.9573,0.0044
rm3,0.5,30,1.0,2,rm1,1,0.3693,0.4139,0.4069,0.3995,0.369,0.4126,0.4098,0.4107,0.4014,0.3803,0.3631,0.3948,0.9538,0.0046
rm3,0.5,30,1.0,2,rm1,2,0.3693,0.4147,0.4054,0.3996,0.3688,0.4135,0.4108,0.4107,0.4003,0.3776,0.3629,0.3944,0.9509,0.0049
rm3,0.5,30,1.0,2,rm1,4,0.3693,0.4171,0.4057,0.3979,0.3703,0.4131,0.4115,0.4099,0.3968,0.3753,0.3603,0.3934,0.9432,0.0047
rm3,0.5,60,1.0,1,rm1,0,0.3693,0.4079,0.4073,0.3966,0.3752,0.4046,0.4108,0.4053,0.3995,0.3792,0.3744,0.3948,0.9679,0.0055
rm3,0.5,60,1.0,1,rm1,1,0.3693,0.4121,0.4088,0.3978,0.3749,0.4071,0.411,0.4098,0.4006,0.3805,0.3749,0.3962,0.9612,0.0127
rm3,0.5,60,1.0,1,rm1,2,0.3693,0.4145,0.4111,0.3983,0.3742,0.4092,0.4124,0.4119,0.4012,0.3802,0.3748,0.397,0.9578,0.0073
rm3,0.5,60,1.0,1,rm1,4,0.3693,0.4179,0.4109,0.3985,0.3719,0.4102,0.415,0.4113,0.3996,0.3767,0.37,0.396,0.9475,0.0107
rm3,0.5,60,1.0,2,rm1,0,0.3693,0.4091,0.4032,0.3974,0.3706,0.4047,0.4064,0.4052,0.3998,0.3789,0.3649,0.3924,0.959,0.0063
rm3,0.5,60,1.0,2,rm1,1,0.3693,0.4119,0.4051,0.3978,0.3685,0.4079,0.4076,0.4073,0.4007,0.3809,0.3651,0.3934,0.9551,0.0074
rm3,0.5,60,1.0,2,rm1,2,0.3693,0.4156,0.407,0.3973,0.3685,0.41,0.4104,0.4081,0.3998,0.3806,0.3633,0.3939,0.9478,0.0098
rm3,0.5,60,1.0,2,rm1,4,0.3693,0.416,0.4063,0.3967,0.3684,0.4112,0.4115,0.4077,0.3962,0.3768,0.3614,0.3929,0.9445,0.0068
rm3,0.7,30,1.0,1,rm1,0,0.3693,0.3974,0.397,0.388,0.3733,0.3977,0.3963,0.3981,0.3943,0.3822,0.3743,0.389,0.979,0.0065
rm3,0.7,30,1.0,1,rm1,1,0.3693,0.4006,0.398,0.3886,0.3749,0.4013,0.3982,0.4009,0.3942,0.3844,0.375,0.3906,0.975,0.007
rm3,0.7,30,1.0,1,rm1,2,0.3693,0.4015,0.399,0.3874,0.3747,0.4013,0.3986,0.4028,0.3941,0.3837,0.3733,0.3906,0.9727,0.0071
rm3,0.7,30,1.0,1,rm1,4,0.3693,0.4047,0.4001,0.3883,0.3745,0.4031,0.3996,0.4032,0.3914,0.3846,0.3723,0.3908,0.9656,0.0058
rm3,0.7,30,1.0,2,rm1,0,0.3693,0.4,0.3964,0.3884,0.3733,0.3981,0.3944,0.3996,0.3921,0.3824,0.3709,0.3884,0.9711,0.0038
rm3,0.7,30,1.0,2,rm1,1,0.3693,0.401,0.397,0.3865,0.3734,0.3998,0.3958,0.4016,0.3937,0.3831,0.3711,0.3891,0.9703,0.0079
rm3,0.7,30,1.0,2,rm1,2,0.3693,0.4014,0.3991,0.387,0.3723,0.4011,0.3965,0.4018,0.391,0.3824,0.3704,0.3891,0.9694,0.0049
rm3,0.7,30,1.0,2,rm1,4,0.3693,0.4057,0.3987,0.3867,0.3705,0.4021,0.3992,0.4036,0.3895,0.385,0.3686,0.3893,0.9597,0.0058
rm3,0.7,60,1.0,1,rm1,0,0.3693,0.3948,0.3925,0.3862,0.3757,0.3951,0.395,0.3956,0.3897,0.3799,0.375,0.3872,0.9807,0.0143
rm3,0.7,60,1.0,1,rm1,1,0.3693,0.3978,0.3953,0.3862,0.3752,0.3977,0.3956,0.3978,0.3916,0.3799,0.3755,0.3883,0.9761,0.0077
rm3,0.7,60,1.0,1,rm1,2,0.3693,0.3999,0.3963,0.3857,0.374,0.4005,0.3962,0.3979,0.3931,0.3818,0.374,0.3888,0.9723,0.0062
rm3,0.7,60,1.0,1,rm1,4,0.3693,0.4028,0.3978,0.386,0.3731,0.3997,0.3976,0.4014,0.3899,0.3814,0.3732,0.3889,0.9654,0.0074
rm3,0.7,60,1.0,2,rm1,0,0.3693,0.3978,0.3942,0.3866,0.3718,0.395,0.392,0.3978,0.3897,0.3808,0.3714,0.3866,0.9719,0.0077
rm3,0.7,60,1.0,2,rm1,1,0.3693,0.3997,0.3959,0.3876,0.3732,0.3977,0.3941,0.3997,0.3901,0.3821,0.3731,0.3881,0.971,0.008
rm3,0.7,60,1.0,2,rm1,2,0.3693,0.4008,0.3974,0.3863,0.3725,0.3981,0.3951,0.3999,0.39,0.3832,0.3713,0.3882,0.9687,0.0063
rm3,0.7,60,1.0,2,rm1,4,0.3693,0.4041,0.3971,0.3856,0.3712,0.4004,0.3979,0.4016,0.3871,0.3835,0.3683,0.3881,0.9603,0.0063
