RM_VARIANT,FB_LAMBDA,FB_TERMS,SEED_WEIGHT_TEMP,MIN_SEED_DF,RM_BASE,ql_ndcg,clean,uniform@0.25,uniform@0.5,uniform@0.75,adjacent@0.25,outside@0.25,adjacent@0.5,outside@0.5,adjacent@0.75,outside@0.75,noisy_mean,retention,max_call_s
rm3,0.3,10,0.5,1,rm1,0.3685,0.3889,0.3892,0.3734,0.3346,0.3887,0.3948,0.3867,0.3838,0.3424,0.332,0.3695,0.9502,0.0053
rm3,0.3,10,0.5,1,rm2,0.3685,0.3451,0.3556,0.3498,0.3163,0.3549,0.3499,0.3489,0.3462,0.3077,0.3148,0.3382,0.98,0.0149
rm3,0.3,10,0.5,2,rm1,0.3685,0.3861,0.3835,0.3774,0.3308,0.3894,0.3932,0.3873,0.3813,0.3397,0.3238,0.3674,0.9515,0.0051
rm3,0.3,10,0.5,2,rm2,0.3685,0.3511,0.3595,0.3552,0.3135,0.3577,0.3538,0.3524,0.3485,0.3084,0.3052,0.3394,0.9665,0.0108
rm3,0.3,10,0.5,3,rm1,0.3685,0.3901,0.3879,0.3762,0.3251,0.3912,0.3937,0.3852,0.3766,0.3414,0.3044,0.3646,0.9347,0.0025
rm3,0.3,10,0.5,3,rm2,0.3685,0.3622,0.3667,0.3615,0.3046,0.3664,0.364,0.3568,0.3509,0.3096,0.2706,0.339,0.936,0.0166
rm3,0.3,10,1.0,1,rm1,0.3685,0.3976,0.3933,0.3841,0.343,0.3984,0.3994,0.3955,0.3892,0.3507,0.3326,0.3762,0.9463,0.0072
rm3,0.3,10,1.0,1,rm2,0.3685,0.3451,0.3556,0.3498,0.3163,0.3549,0.3499,0.3489,0.3462,0.3077,0.3148,0.3382,0.98,0.0125
rm3,0.3,10,1.0,2,rm1,0.3685,0.4003,0.3918,0.3879,0.3349,0.4011,0.4011,0.3945,0.3886,0.3493,0.3229,0.3747,0.9359,0.0042
rm3,0.3,10,1.0,2,rm2,0.3685,0.3511,0.3595,0.3552,0.3135,0.3577,0.3538,0.3524,0.3485,0.3084,0.3052,0.3394,0.9665,0.015
rm3,0.3,10,1.0,3,rm1,0.3685,0.4048,0.395,0.384,0.3311,0.3989,0.4059,0.3899,0.3792,0.3481,0.3048,0.3708,0.9159,0.0022
rm3,0.3,10,1.0,3,rm2,0.3685,0.3622,0.3667,0.3615,0.3046,0.3664,0.364,0.3568,0.3509,0.3096,0.2706,0.339,0.936,0.0128
rm3,0.3,10,2.0,1,rm1,0.3685,0.4058,0.3958,0.3909,0.3455,0.4016,0.3994,0.3934,0.3913,0.3555,0.3358,0.3788,0.9333,0.0041
rm3,0.3,10,2.0,1,rm2,0.3685,0.3451,0.3556,0.3498,0.3163,0.3549,0.3499,0.3489,0.3462,0.3077,0.3148,0.3382,0.98,0.0175
rm3,0.3,10,2.0,2,rm1,0.3685,0.4058,0.3948,0.391,0.3372,0.4006,0.3988,0.3919,0.3878,0.3539,0.325,0.3757,0.9258,0.0118
rm3,0.3,10,2.0,2,rm2,0.3685,0.3511,0.3595,0.3552,0.3135,0.3577,0.3538,0.3524,0.3485,0.3084,0.3052,0.3394,0.9665,0.0178
rm3,0.3,10,2.0,3,rm1,0.3685,0.4065,0.3929,0.387,0.333,0.4024,0.4032,0.3868,0.378,0.3511,0.3058,0.3711,0.9131,0.0023
rm3,0.3,10,2.0,3,rm2,0.3685,0.3622,0.3667,0.3615,0.3046,0.3664,0.364,0.3568,0.3509,0.3096,0.2706,0.339,0.936,0.012
rm3,0.3,30,0.5,1,rm1,0.3685,0.4137,0.4063,0.3884,0.3511,0.4071,0.4108,0.4012,0.4005,0.3542,0.351,0.3856,0.9322,0.0074
rm3,0.3,30,0.5,1,rm2,0.3685,0.3708,0.3788,0.369,0.3336,0.3789,0.3729,0.367,0.3633,0.3304,0.3297,0.3582,0.9659,0.0174
rm3,0.3,30,0.5,2,rm1,0.3685,0.4087,0.4009,0.3914,0.3495,0.4054,0.4061,0.404,0.3948,0.3575,0.3441,0.3837,0.9389,0.0033
rm3,0.3,30,0.5,2,rm2,0.3685,0.3726,0.3811,0.3702,0.3284,0.378,0.3724,0.3656,0.3608,0.3298,0.3149,0.3557,0.9545,0.0228
rm3,0.3,30,0.5,3,rm1,0.3685,0.4084,0.3992,0.3873,0.3379,0.4036,0.4061,0.3951,0.3887,0.3526,0.3148,0.3761,0.921,0.0033
rm3,0.3,30,0.5,3,rm2,0.3685,0.3789,0.3793,0.3713,0.3154,0.3811,0.3786,0.3685,0.3527,0.3296,0.2741,0.3501,0.9238,0.016
rm3,0.3,30,1.0,1,rm1,0.3685,0.4161,0.4102,0.3962,0.3539,0.4116,0.4139,0.4078,0.4028,0.3621,0.3488,0.3897,0.9366,0.0036
rm3,0.3,30,1.0,1,rm2,0.3685,0.3708,0.3788,0.369,0.3336,0.3789,0.3729,0.367,0.3633,0.3304,0.3297,0.3582,0.9659,0.0152
rm3,0.3,30,1.0,2,rm1,0.3685,0.415,0.4069,0.3967,0.3526,0.4145,0.4093,0.4095,0.3943,0.3644,0.3434,0.3879,0.9347,0.0036
rm3,0.3,30,1.0,2,rm2,0.3685,0.3726,0.3811,0.3702,0.3284,0.378,0.3724,0.3656,0.3608,0.3298,0.3149,0.3557,0.9545,0.0163
rm3,0.3,30,1.0,3,rm1,0.3685,0.4124,0.4043,0.3925,0.3414,0.4094,0.4093,0.3972,0.3832,0.3597,0.3176,0.3794,0.9199,0.0037
rm3,0.3,30,1.0,3,rm2,0.3685,0.3789,0.3793,0.3713,0.3154,0.3811,0.3786,0.3685,0.3527,0.3296,0.2741,0.3501,0.9238,0.0128
rm3,0.3,30,2.0,1,rm1,0.3685,0.4172,0.4099,0.3975,0.3539,0.4127,0.4147,0.4046,0.396,0.367,0.3483,0.3894,0.9334,0.005
rm3,0.3,30,2.0,1,rm2,0.3685,0.3708,0.3788,0.369,0.3336,0.3789,0.3729,0.367,0.3633,0.3304,0.3297,0.3582,0.9659,0.0161
rm3,0.3,30,2.0,2,rm1,0.3685,0.4158,0.4074,0.3971,0.3512,0.4141,0.4111,0.4054,0.3895,0.3646,0.3415,0.3869,0.9304,0.0048
rm3,0.3,30,2.0,2,rm2,0.3685,0.3726,0.3811,0.3702,0.3284,0.378,0.3724,0.3656,0.3608,0.3298,0.3149,0.3557,0.9545,0.0126
rm3,0.3,30,2.0,3,rm1,0.3685,0.415,0.4026,0.3895,0.3387,0.41,0.4068,0.3954,0.3773,0.3574,0.3179,0.3773,0.9092,0.0098
rm3,0.3,30,2.0,3,rm2,0.3685,0.3789,0.3793,0.3713,0.3154,0.3811,0.3786,0.3685,0.3527,0.3296,0.2741,0.3501,0.9238,0.0161
rm3,0.3,60,0.5,1,rm1,0.3685,0.4141,0.4109,0.3911,0.3562,0.4071,0.4145,0.407,0.4003,0.3628,0.3572,0.3897,0.9411,0.0074
rm3,0.3,60,0.5,1,rm2,0.3685,0.3781,0.3804,0.3714,0.3381,0.3826,0.3785,0.3738,0.3677,0.3383,0.3315,0.3625,0.9588,0.0172
rm3,0.3,60,0.5,2,rm1,0.3685,0.4094,0.4033,0.3926,0.3545,0.4076,0.4112,0.4054,0.3977,0.3638,0.346,0.3869,0.9451,0.0085
rm3,0.3,60,0.5,2,rm2,0.3685,0.3748,0.3809,0.3705,0.3287,0.3822,0.377,0.3716,0.3641,0.3339,0.3166,0.3584,0.9563,0.0169
rm3,0.3,60,0.5,3,rm1,0.3685,0.4088,0.3984,0.387,0.34,0.4037,0.409,0.3956,0.3867,0.3549,0.3161,0.3768,0.9217,0.0051
rm3,0.3,60,0.5,3,rm2,0.3685,0.3824,0.3802,0.3708,0.3167,0.3856,0.3777,0.3727,0.353,0.3294,0.2742,0.3512,0.9182,0.0225
rm3,0.3,60,1.0,1,rm1,0.3685,0.4181,0.4159,0.3953,0.357,0.4101,0.4192,0.4082,0.4014,0.366,0.3575,0.3923,0.9383,0.0264
rm3,0.3,60,1.0,1,rm2,0.3685,0.3781,0.3804,0.3714,0.3381,0.3826,0.3785,0.3738,0.3677,0.3383,0.3315,0.3625,0.9588,0.0169
rm3,0.3,60,1.0,2,rm1,0.3685,0.4124,0.4074,0.3966,0.3528,0.4104,0.4098,0.409,0.3971,0.3664,0.3477,0.3886,0.9422,0.0052
rm3,0.3,60,1.0,2,rm2,0.3685,0.3748,0.3809,0.3705,0.3287,0.3822,0.377,0.3716,0.3641,0.3339,0.3166,0.3584,0.9563,0.0151
rm3,0.3,60,1.0,3,rm1,0.3685,0.4149,0.4042,0.3923,0.3416,0.4073,0.4094,0.3955,0.3821,0.3571,0.3165,0.3784,0.9122,0.0066
rm3,0.3,60,1.0,3,rm2,0.3685,0.3824,0.3802,0.3708,0.3167,0.3856,0.3777,0.3727,0.353,0.3294,0.2742,0.3512,0.9182,0.0187
rm3,0.3,60,2.0,1,rm1,0.3685,0.4187,0.4143,0.3982,0.3552,0.412,0.4144,0.4049,0.3964,0.3671,0.3546,0.3908,0.9333,0.0065
rm3,0.3,60,2.0,1,rm2,0.3685,0.3781,0.3804,0.3714,0.3381,0.3826,0.3785,0.3738,0.3677,0.3383,0.3315,0.3625,0.9588,0.0139
rm3,0.3,60,2.0,2,rm1,0.3685,0.415,0.407,0.3956,0.3565,0.4096,0.4099,0.4036,0.392,0.3639,0.3459,0.3871,0.9329,0.0076
rm3,0.3,60,2.0,2,rm2,0.3685,0.3748,0.3809,0.3705,0.3287,0.3822,0.377,0.3716,0.3641,0.3339,0.3166,0.3584,0.9563,0.0176
rm3,0.3,60,2.0,3,rm1,0.3685,0.4104,0.4015,0.3885,0.3419,0.4048,0.4061,0.3917,0.3772,0.3553,0.3198,0.3763,0.917,0.0104
rm3,0.3,60,2.0,3,rm2,0.3685,0.3824,0.3802,0.3708,0.3167,0.3856,0.3777,0.3727,0.353,0.3294,0.2742,0.3512,0.9182,0.0398
rm3,0.5,10,0.5,1,rm1,0.3685,0.3949,0.3965,0.3875,0.3589,0.3975,0.3988,0.3956,0.3953,0.3631,0.3569,0.3834,0.9708,0.0044
rm3,0.5,10,0.5,1,rm2,0.3685,0.367,0.3741,0.3756,0.3498,0.3733,0.371,0.3725,0.3701,0.3481,0.3436,0.3642,0.9924,0.0156
rm3,0.5,10,0.5,2,rm1,0.3685,0.3949,0.3908,0.3881,0.3544,0.3967,0.3966,0.3941,0.3905,0.3622,0.3554,0.381,0.9649,0.0021
rm3,0.5,10,0.5,2,rm2,0.3685,0.3699,0.3765,0.3779,0.3474,0.3743,0.372,0.3724,0.3699,0.3472,0.3327,0.3634,0.9823,0.0125
rm3,0.5,10,0.5,3,rm1,0.3685,0.3982,0.3917,0.3852,0.3532,0.3964,0.398,0.3933,0.3852,0.3681,0.3443,0.3795,0.9531,0.0018
rm3,0.5,10,0.5,3,rm2,0.3685,0.3744,0.3765,0.3806,0.3409,0.3785,0.3767,0.3707,0.3673,0.3497,0.32,0.3623,0.9678,0.0159
rm3,0.5,10,1.0,1,rm1,0.3685,0.4018,0.3978,0.3929,0.365,0.4007,0.4007,0.3988,0.3976,0.3736,0.3581,0.3872,0.9637,0.0032
rm3,0.5,10,1.0,1,rm2,0.3685,0.367,0.3741,0.3756,0.3498,0.3733,0.371,0.3725,0.3701,0.3481,0.3436,0.3642,0.9924,0.0159
rm3,0.5,10,1.0,2,rm1,0.3685,0.4044,0.3962,0.3958,0.3567,0.4018,0.3999,0.3963,0.3944,0.3723,0.3549,0.3854,0.953,0.0025
rm3,0.5,10,1.0,2,rm2,0.3685,0.3699,0.3765,0.3779,0.3474,0.3743,0.372,0.3724,0.3699,0.3472,0.3327,0.3634,0.9823,0.0145
rm3,0.5,10,1.0,3,rm1,0.3685,0.4071,0.3978,0.3917,0.355,0.4019,0.4057,0.3936,0.3861,0.3726,0.3458,0.3834,0.9417,0.0092
rm3,0.5,10,1.0,3,rm2,0.3685,0.3744,0.3765,0.3806,0.3409,0.3785,0.3767,0.3707,0.3673,0.3497,0.32,0.3623,0.9678,0.0124
rm3,0.5,10,2.0,1,rm1,0.3685,0.4077,0.4,0.397,0.371,0.4069,0.4021,0.4001,0.399,0.3773,0.3588,0.3903,0.9573,0.0072
rm3,0.5,10,2.0,1,rm2,0.3685,0.367,0.3741,0.3756,0.3498,0.3733,0.371,0.3725,0.3701,0.3481,0.3436,0.3642,0.9924,0.0131
rm3,0.5,10,2.0,2,rm1,0.3685,0.4096,0.3985,0.397,0.3622,0.405,0.3994,0.3995,0.3943,0.3767,0.356,0.3876,0.9465,0.0022
rm3,0.5,10,2.0,2,rm2,0.3685,0.3699,0.3765,0.3779,0.3474,0.3743,0.372,0.3724,0.3699,0.3472,0.3327,0.3634,0.9823,0.0184
rm3,0.5,10,2.0,3,rm1,0.3685,0.4106,0.3975,0.3952,0.359,0.4035,0.4049,0.3962,0.3867,0.3743,0.3481,0.3851,0.9377,0.0052
rm3,0.5,10,2.0,3,rm2,0.3685,0.3744,0.3765,0.3806,0.3409,0.3785,0.3767,0.3707,0.3673,0.3497,0.32,0.3623,0.9678,0.0152
rm3,0.5,30,0.5,1,rm1,0.3685,0.4078,0.4024,0.3926,0.3672,0.4038,0.4092,0.4078,0.3999,0.3707,0.3742,0.392,0.9612,0.004
rm3,0.5,30,0.5,1,rm2,0.3685,0.3781,0.3837,0.3827,0.357,0.3874,0.3805,0.3792,0.3764,0.3627,0.3534,0.3737,0.9882,0.0138
rm3,0.5,30,0.5,2,rm1,0.3685,0.4082,0.4021,0.3958,0.3681,0.4053,0.4069,0.4054,0.3977,0.373,0.3633,0.3908,0.9575,0.004
rm3,0.5,30,0.5,2,rm2,0.3685,0.3764,0.383,0.3815,0.3549,0.3854,0.3795,0.3766,0.3757,0.3621,0.3402,0.371,0.9856,0.0174
rm3,0.5,30,0.5,3,rm1,0.3685,0.4026,0.4,0.3935,0.3633,0.4019,0.4035,0.3994,0.3894,0.374,0.3513,0.3863,0.9594,0.0036
rm3,0.5,30,0.5,3,rm2,0.3685,0.3833,0.3865,0.3815,0.3483,0.3874,0.3806,0.3767,0.3692,0.3624,0.3228,0.3684,0.9612,0.0159
rm3,0.5,30,1.0,1,rm1,0.3685,0.4107,0.4086,0.3987,0.3706,0.4084,0.4092,0.4083,0.402,0.3789,0.3705,0.395,0.9619,0.0035
rm3,0.5,30,1.0,1,rm2,0.3685,0.3781,0.3837,0.3827,0.357,0.3874,0.3805,0.3792,0.3764,0.3627,0.3534,0.3737,0.9882,0.0168
rm3,0.5,30,1.0,2,rm1,0.3685,0.4118,0.4074,0.4,0.3701,0.41,0.4085,0.4069,0.4004,0.3793,0.3629,0.3939,0.9566,0.0032
rm3,0.5,30,1.0,2,rm2,0.3685,0.3764,0.383,0.3815,0.3549,0.3854,0.3795,0.3766,0.3757,0.3621,0.3402,0.371,0.9856,0.0141
rm3,0.5,30,1.0,3,rm1,0.3685,0.409,0.4046,0.3952,0.3654,0.4067,0.405,0.401,0.3873,0.3789,0.3539,0.3887,0.9503,0.0068
rm3,0.5,30,1.0,3,rm2,0.3685,0.3833,0.3865,0.3815,0.3483,0.3874,0.3806,0.3767,0.3692,0.3624,0.3228,0.3684,0.9612,0.0147
rm3,0.5,30,2.0,1,rm1,0.3685,0.4095,0.4063,0.3971,0.377,0.4096,0.4085,0.4075,0.3984,0.3817,0.3682,0.3949,0.9643,0.0071
rm3,0.5,30,2.0,1,rm2,0.3685,0.3781,0.3837,0.3827,0.357,0.3874,0.3805,0.3792,0.3764,0.3627,0.3534,0.3737,0.9882,0.0198
rm3,0.5,30,2.0,2,rm1,0.3685,0.4115,0.4035,0.3974,0.3693,0.4103,0.4034,0.4023,0.3931,0.384,0.3622,0.3917,0.9521,0.0042
rm3,0.5,30,2.0,2,rm2,0.3685,0.3764,0.383,0.3815,0.3549,0.3854,0.3795,0.3766,0.3757,0.3621,0.3402,0.371,0.9856,0.0182
rm3,0.5,30,2.0,3,rm1,0.3685,0.4104,0.401,0.3963,0.3647,0.4062,0.4016,0.3975,0.3853,0.3787,0.3545,0.3873,0.9437,0.0053
rm3,0.5,30,2.0,3,rm2,0.3685,0.3833,0.3865,0.3815,0.3483,0.3874,0.3806,0.3767,0.3692,0.3624,0.3228,0.3684,0.9612,0.0127
rm3,0.5,60,0.5,1,rm1,0.3685,0.4069,0.4055,0.3935,0.3737,0.4023,0.4106,0.4046,0.4005,0.3759,0.3768,0.3937,0.9675,0.0065
rm3,0.5,60,0.5,1,rm2,0.3685,0.3835,0.3841,0.3799,0.3604,0.388,0.3844,0.3829,0.3777,0.365,0.3561,0.3754,0.9788,0.0142
rm3,0.5,60,0.5,2,rm1,0.3685,0.408,0.4046,0.3953,0.3712,0.4047,0.4087,0.406,0.3992,0.376,0.3648,0.3923,0.9615,0.0092
rm3,0.5,60,0.5,2,rm2,0.3685,0.3846,0.3842,0.3803,0.3569,0.387,0.3834,0.3799,0.3753,0.3638,0.342,0.3725,0.9686,0.0218
rm3,0.5,60,0.5,3,rm1,0.3685,0.4045,0.4006,0.3914,0.3639,0.4028,0.4042,0.4016,0.3875,0.3755,0.3516,0.3866,0.9558,0.0061
rm3,0.5,60,0.5,3,rm2,0.3685,0.3856,0.386,0.379,0.3494,0.3885,0.3805,0.3779,0.3694,0.3631,0.323,0.3685,0.9557,0.0132
rm3,0.5,60,1.0,1,rm1,0.3685,0.408,0.4073,0.3956,0.3748,0.4042,0.4112,0.4053,0.4008,0.3793,0.3725,0.3946,0.9671,0.0104
rm3,0.5,60,1.0,1,rm2,0.3685,0.3835,0.3841,0.3799,0.3604,0.388,0.3844,0.3829,0.3777,0.365,0.3561,0.3754,0.9788,0.0159
rm3,0.5,60,1.0,2,rm1,0.3685,0.4083,0.4042,0.3972,0.3724,0.4034,0.4064,0.4057,0.3987,0.3806,0.364,0.3925,0.9613,0.0105
rm3,0.5,60,1.0,2,rm2,0.3685,0.3846,0.3842,0.3803,0.3569,0.387,0.3834,0.3799,0.3753,0.3638,0.342,0.3725,0.9686,0.0146
rm3,0.5,60,1.0,3,rm1,0.3685,0.4077,0.4029,0.3952,0.3646,0.4042,0.404,0.4011,0.387,0.3786,0.3546,0.388,0.9517,0.0052
rm3,0.5,60,1.0,3,rm2,0.3685,0.3856,0.386,0.379,0.3494,0.3885,0.3805,0.3779,0.3694,0.3631,0.323,0.3685,0.9557,0.0145
rm3,0.5,60,2.0,1,rm1,0.3685,0.4054,0.4031,0.3944,0.3735,0.4054,0.4049,0.4039,0.3951,0.3799,0.3708,0.3923,0.9678,0.0064
rm3,0.5,60,2.0,1,rm2,0.3685,0.3835,0.3841,0.3799,0.3604,0.388,0.3844,0.3829,0.3777,0.365,0.3561,0.3754,0.9788,0.0213
rm3,0.5,60,2.0,2,rm1,0.3685,0.4062,0.4004,0.395,0.3696,0.4033,0.3996,0.4024,0.3937,0.3823,0.3629,0.3899,0.9599,0.0055
rm3,0.5,60,2.0,2,rm2,0.3685,0.3846,0.3842,0.3803,0.3569,0.387,0.3834,0.3799,0.3753,0.3638,0.342,0.3725,0.9686,0.0169
rm3,0.5,60,2.0,3,rm1,0.3685,0.4048,0.3995,0.3947,0.3669,0.4016,0.4011,0.3953,0.3838,0.3789,0.357,0.3865,0.9548,0.005
rm3,0.5,60,2.0,3,rm2,0.3685,0.3856,0.386,0.379,0.3494,0.3885,0.3805,0.3779,0.3694,0.3631,0.323,0.3685,0.9557,0.02
rm3,0.7,10,0.5,1,rm1,0.3685,0.3973,0.3967,0.3898,0.3708,0.3975,0.3968,0.3974,0.3935,0.3767,0.3711,0.3878,0.9761,0.0027
rm3,0.7,10,0.5,1,rm2,0.3685,0.3768,0.3833,0.3833,0.3677,0.3808,0.3773,0.3775,0.3791,0.3675,0.3671,0.3759,0.9978,0.0136
rm3,0.7,10,0.5,2,rm1,0.3685,0.3977,0.3958,0.3916,0.3684,0.3975,0.3959,0.3974,0.3925,0.3801,0.3686,0.3875,0.9744,0.0023
rm3,0.7,10,0.5,2,rm2,0.3685,0.3761,0.3819,0.3839,0.3667,0.381,0.3771,0.3768,0.3756,0.3675,0.3608,0.3746,0.9961,0.019
rm3,0.7,10,0.5,3,rm1,0.3685,0.3971,0.394,0.3867,0.3692,0.3978,0.3952,0.3935,0.3845,0.3816,0.3668,0.3855,0.9708,0.0025
rm3,0.7,10,0.5,3,rm2,0.3685,0.3784,0.3808,0.3805,0.3647,0.3819,0.3773,0.3775,0.3717,0.3684,0.3573,0.3733,0.9866,0.018
rm3,0.7,10,1.0,1,rm1,0.3685,0.3999,0.396,0.3921,0.3763,0.399,0.3978,0.4002,0.3938,0.3832,0.3721,0.3901,0.9754,0.0028
rm3,0.7,10,1.0,1,rm2,0.3685,0.3768,0.3833,0.3833,0.3677,0.3808,0.3773,0.3775,0.3791,0.3675,0.3671,0.3759,0.9978,0.0171
rm3,0.7,10,1.0,2,rm1,0.3685,0.4009,0.3959,0.3941,0.3726,0.4005,0.3971,0.3985,0.3952,0.386,0.3697,0.39,0.9727,0.0027
rm3,0.7,10,1.0,2,rm2,0.3685,0.3761,0.3819,0.3839,0.3667,0.381,0.3771,0.3768,0.3756,0.3675,0.3608,0.3746,0.9961,0.0183
rm3,0.7,10,1.0,3,rm1,0.3685,0.4027,0.396,0.3886,0.37,0.399,0.3987,0.3964,0.3842,0.3867,0.3703,0.3878,0.9628,0.0075
rm3,0.7,10,1.0,3,rm2,0.3685,0.3784,0.3808,0.3805,0.3647,0.3819,0.3773,0.3775,0.3717,0.3684,0.3573,0.3733,0.9866,0.0179
rm3,0.7,10,2.0,1,rm1,0.3685,0.4004,0.3962,0.3916,0.3786,0.3998,0.3966,0.3979,0.3966,0.3862,0.3713,0.3905,0.9754,0.006
rm3,0.7,10,2.0,1,rm2,0.3685,0.3768,0.3833,0.3833,0.3677,0.3808,0.3773,0.3775,0.3791,0.3675,0.3671,0.3759,0.9978,0.0179
rm3,0.7,10,2.0,2,rm1,0.3685,0.3996,0.3955,0.3943,0.3742,0.3987,0.3963,0.3977,0.3973,0.386,0.3724,0.3903,0.9767,0.0058
rm3,0.7,10,2.0,2,rm2,0.3685,0.3761,0.3819,0.3839,0.3667,0.381,0.3771,0.3768,0.3756,0.3675,0.3608,0.3746,0.9961,0.0129
rm3,0.7,10,2.0,3,rm1,0.3685,0.4018,0.3961,0.3894,0.373,0.3979,0.3974,0.3967,0.3871,0.3847,0.3717,0.3882,0.9662,0.0017
rm3,0.7,10,2.0,3,rm2,0.3685,0.3784,0.3808,0.3805,0.3647,0.3819,0.3773,0.3775,0.3717,0.3684,0.3573,0.3733,0.9866,0.0174
rm3,0.7,30,0.5,1,rm1,0.3685,0.3996,0.398,0.3869,0.3733,0.3994,0.3984,0.3991,0.3937,0.378,0.3752,0.3891,0.9738,0.0049
rm3,0.7,30,0.5,1,rm2,0.3685,0.3808,0.3855,0.3843,0.3698,0.3842,0.3803,0.3789,0.3809,0.3717,0.3698,0.3784,0.9937,0.017
rm3,0.7,30,0.5,2,rm1,0.3685,0.3991,0.3961,0.3875,0.3696,0.397,0.3961,0.3992,0.3929,0.3791,0.3711,0.3876,0.9712,0.0032
rm3,0.7,30,0.5,2,rm2,0.3685,0.3821,0.3855,0.3844,0.3662,0.3846,0.3794,0.3779,0.3795,0.3715,0.3641,0.377,0.9866,0.0206
rm3,0.7,30,0.5,3,rm1,0.3685,0.4004,0.3944,0.3847,0.3698,0.3977,0.3959,0.3946,0.3849,0.3828,0.3704,0.3861,0.9645,0.0046
rm3,0.7,30,0.5,3,rm2,0.3685,0.3834,0.3837,0.3809,0.3646,0.3856,0.3807,0.3782,0.3717,0.3729,0.3586,0.3752,0.9787,0.0167
rm3,0.7,30,1.0,1,rm1,0.3685,0.3977,0.3958,0.3878,0.3737,0.3977,0.3951,0.3978,0.3951,0.382,0.3743,0.3888,0.9776,0.0074
rm3,0.7,30,1.0,1,rm2,0.3685,0.3808,0.3855,0.3843,0.3698,0.3842,0.3803,0.3789,0.3809,0.3717,0.3698,0.3784,0.9937,0.0168
rm3,0.7,30,1.0,2,rm1,0.3685,0.4002,0.3961,0.3886,0.3731,0.3982,0.3937,0.3989,0.3925,0.3826,0.3711,0.3883,0.9703,0.0041
rm3,0.7,30,1.0,2,rm2,0.3685,0.3821,0.3855,0.3844,0.3662,0.3846,0.3794,0.3779,0.3795,0.3715,0.3641,0.377,0.9866,0.0154
rm3,0.7,30,1.0,3,rm1,0.3685,0.3992,0.3951,0.3868,0.3715,0.3976,0.3984,0.395,0.3829,0.3859,0.3715,0.3872,0.9699,0.0067
rm3,0.7,30,1.0,3,rm2,0.3685,0.3834,0.3837,0.3809,0.3646,0.3856,0.3807,0.3782,0.3717,0.3729,0.3586,0.3752,0.9787,0.0152
rm3,0.7,30,2.0,1,rm1,0.3685,0.3984,0.3954,0.3864,0.3752,0.3967,0.3953,0.395,0.3937,0.387,0.375,0.3888,0.9761,0.0078
rm3,0.7,30,2.0,1,rm2,0.3685,0.3808,0.3855,0.3843,0.3698,0.3842,0.3803,0.3789,0.3809,0.3717,0.3698,0.3784,0.9937,0.0192
rm3,0.7,30,2.0,2,rm1,0.3685,0.4005,0.397,0.3869,0.3722,0.3978,0.3932,0.3956,0.3888,0.385,0.3726,0.3877,0.9679,0.0064
rm3,0.7,30,2.0,2,rm2,0.3685,0.3821,0.3855,0.3844,0.3662,0.3846,0.3794,0.3779,0.3795,0.3715,0.3641,0.377,0.9866,0.0155
rm3,0.7,30,2.0,3,rm1,0.3685,0.4003,0.3944,0.3867,0.3729,0.3983,0.3957,0.3939,0.3833,0.3853,0.3712,0.3869,0.9665,0.0043
rm3,0.7,30,2.0,3,rm2,0.3685,0.3834,0.3837,0.3809,0.3646,0.3856,0.3807,0.3782,0.3717,0.3729,0.3586,0.3752,0.9787,0.0361
rm3,0.7,60,0.5,1,rm1,0.3685,0.3973,0.3938,0.385,0.3714,0.3971,0.3949,0.3952,0.3887,0.3745,0.3737,0.386,0.9717,0.0062
rm3,0.7,60,0.5,1,rm2,0.3685,0.3827,0.3867,0.3788,0.3691,0.3835,0.3828,0.3773,0.3807,0.373,0.3682,0.3778,0.9871,0.0195
rm3,0.7,60,0.5,2,rm1,0.3685,0.397,0.394,0.3863,0.3706,0.3961,0.3932,0.3978,0.3912,0.3817,0.3719,0.387,0.9748,0.0105
rm3,0.7,60,0.5,2,rm2,0.3685,0.3829,0.3841,0.3805,0.3661,0.3836,0.3807,0.3777,0.3793,0.3713,0.3652,0.3765,0.9832,0.0161
rm3,0.7,60,0.5,3,rm1,0.3685,0.3985,0.3942,0.3841,0.371,0.3964,0.3939,0.3933,0.3841,0.3837,0.3708,0.3857,0.9678,0.0053
rm3,0.7,60,0.5,3,rm2,0.3685,0.3833,0.3828,0.3802,0.3646,0.3866,0.3799,0.3779,0.3718,0.374,0.3591,0.3752,0.9789,0.0311
rm3,0.7,60,1.0,1,rm1,0.3685,0.3945,0.3922,0.3864,0.376,0.3946,0.3952,0.3952,0.3908,0.3797,0.375,0.3872,0.9815,0.0092
rm3,0.7,60,1.0,1,rm2,0.3685,0.3827,0.3867,0.3788,0.3691,0.3835,0.3828,0.3773,0.3807,0.373,0.3682,0.3778,0.9871,0.0134
rm3,0.7,60,1.0,2,rm1,0.3685,0.3964,0.3929,0.3855,0.3723,0.3945,0.3915,0.3969,0.3903,0.3821,0.3716,0.3864,0.9749,0.0053
rm3,0.7,60,1.0,2,rm2,0.3685,0.3829,0.3841,0.3805,0.3661,0.3836,0.3807,0.3777,0.3793,0.3713,0.3652,0.3765,0.9832,0.0165
rm3,0.7,60,1.0,3,rm1,0.3685,0.3986,0.3931,0.3851,0.3717,0.3973,0.3949,0.3935,0.383,0.3836,0.3714,0.3859,0.9683,0.0106
rm3,0.7,60,1.0,3,rm2,0.3685,0.3833,0.3828,0.3802,0.3646,0.3866,0.3799,0.3779,0.3718,0.374,0.3591,0.3752,0.9789,0.0179
rm3,0.7,60,2.0,1,rm1,0.3685,0.3941,0.3908,0.3836,0.3757,0.393,0.3917,0.3905,0.3897,0.3812,0.3741,0.3856,0.9783,0.0065
rm3,0.7,60,2.0,1,rm2,0.3685,0.3827,0.3867,0.3788,0.3691,0.3835,0.3828,0.3773,0.3807,0.373,0.3682,0.3778,0.9871,0.0152
rm3,0.7,60,2.0,2,rm1,0.3685,0.3938,0.3924,0.3853,0.3723,0.3929,0.3904,0.3913,0.3871,0.3822,0.3744,0.3854,0.9786,0.0084
rm3,0.7,60,2.0,2,rm2,0.3685,0.3829,0.3841,0.3805,0.3661,0.3836,0.3807,0.3777,0.3793,0.3713,0.3652,0.3765,0.9832,0.0139
rm3,0.7,60,2.0,3,rm1,0.3685,0.3933,0.3908,0.3858,0.3712,0.3941,0.3938,0.3896,0.3817,0.3838,0.3716,0.3847,0.9782,0.0052
rm3,0.7,60,2.0,3,rm2,0.3685,0.3833,0.3828,0.3802,0.3646,0.3866,0.3799,0.3779,0.3718,0.374,0.3591,0.3752,0.9789,0.0138
